time,bass,drums,vocals,other
0.02,0,0,0,0
0.03,0,0,0,0
0.05,0,0,0,0
0.06,0,0,0,0
0.08,0,0,0,0
0.10,0,0,0,0
0.11,0,0,0,0
0.13,0,0,0,0
0.15,0,0,0,0
0.16,0,0,0,0
0.18,0,0,0,0
0.20,0,0,0,0
0.21,0,0,0,0
0.23,0,0,0,0
0.25,0,0,0,0
0.26,0,0,0,0
0.28,0,0,0,0
0.30,0,0,0,0
0.31,0,0,0,0
0.34,0,0,0,0
0.35,0,0,0,0
0.36,0,0,0,0
0.38,0,0,0,0
0.40,0,0,0,0
0.41,0,0,0,0
0.43,0,0,0,0
0.45,0,0,0,0
0.46,0,0,0,0
0.48,0,0,0,0
0.50,0,0,0,0
0.51,0,0,0,0
0.53,0,0,0,0
0.55,0,0,0,0
0.56,0,0,0,0
0.58,0,0,0,0
0.60,0,0,0,0
0.61,0.5,0,0,0
0.63,3.3333333333333335,0,0,0
0.65,4.666666666666667,0,0,0
0.66,5.333333333333333,0,0,0
0.68,4.666666666666667,0,0,0
0.70,4.166666666666667,0,0,0
0.71,20.833333333333332,28.666666666666668,0.49473684210526314,0
0.73,59.5,77.75,5.589473684210526,0
0.75,87.66666666666667,113.66666666666667,11.494736842105263,0
0.76,107.83333333333333,132.66666666666666,16.63157894736842,0
0.78,120.5,146.5,21.042105263157893,0.08928571428571429
0.80,133.33333333333334,157.66666666666666,24.852631578947367,0.5982142857142857
0.81,140.66666666666666,165.66666666666666,28.4,0.75
0.83,144.83333333333334,170.41666666666666,31.28421052631579,0.8839285714285714
0.85,148,173.33333333333334,33.44210526315789,1.1428571428571428
0.86,150.5,175.75,35.757894736842104,1.75
0.88,153.66666666666666,177.66666666666666,37.38947368421053,2.8392857142857144
0.90,157.16666666666666,178.25,38.421052631578945,3.1339285714285716
0.91,159.5,179.25,39.71578947368421,3.017857142857143
0.93,161.83333333333334,179.83333333333334,40.90526315789474,2.892857142857143
0.95,164.16666666666666,179.83333333333334,43.28421052631579,2.4107142857142856
0.96,164.66666666666666,179.58333333333334,45.66315789473684,2
0.98,165.66666666666666,177.91666666666666,47.92631578947368,1.9910714285714286
1.00,167.16666666666666,176.25,48.90526315789474,2.6607142857142856
1.01,167.83333333333334,175.16666666666666,50.27368421052632,3.3125
1.03,169.5,173.16666666666666,49.96842105263158,3.9642857142857144
1.05,169.83333333333334,171.33333333333334,50.6,4.053571428571429
1.06,174.16666666666666,170.33333333333334,50.27368421052632,3.5535714285714284
1.08,175.5,168.08333333333334,51.02105263157895,3.767857142857143
1.10,175.33333333333334,166.58333333333334,52.50526315789474,4.321428571428571
1.11,175.5,165.16666666666666,54.10526315789474,4.857142857142857
1.13,176,163.25,55.084210526315786,4.991071428571429
1.15,176.83333333333334,162.16666666666666,56.084210526315786,4.883928571428571
1.16,177,162,57.33684210526316,5.491071428571429
1.18,178.16666666666666,161.16666666666666,59,5.839285714285714
1.20,178.66666666666666,161,60,5.839285714285714
1.21,177.5,161.58333333333334,60.63157894736842,5.5625
1.23,177.33333333333334,163.58333333333334,62.98947368421052,5.651785714285714
1.25,178.16666666666666,164.83333333333334,65.03157894736842,6.044642857142857
1.26,177.66666666666666,167.33333333333334,65.21052631578948,5.464285714285714
1.28,178.33333333333334,169.33333333333334,65.98947368421052,5.625
1.30,178.5,170.33333333333334,66.01052631578948,6.089285714285714
1.31,178.5,172.75,65.81052631578947,6.633928571428571
1.33,177.83333333333334,175.08333333333334,65.69473684210526,6.741071428571429
1.35,177.16666666666666,176.25,67.4,6.508928571428571
1.36,176.66666666666666,178,67.74736842105263,6.580357142857143
1.38,177.5,179,68.0421052631579,6.732142857142857
1.40,176.66666666666666,180.66666666666666,68.84210526315789,7.258928571428571
1.41,176.16666666666666,181.91666666666666,69.32631578947368,6.660714285714286
1.43,175.33333333333334,182.58333333333334,69.65263157894736,7.455357142857143
1.45,175.83333333333334,183.66666666666666,70.85263157894737,7.294642857142857
1.46,174,184.75,72.4,7.401785714285714
1.48,173.66666666666666,185.33333333333334,72.13684210526316,6.535714285714286
1.50,172.16666666666666,185.41666666666666,73.10526315789474,6.678571428571429
1.51,171,184.66666666666666,74.87368421052632,7.723214285714286
1.53,170.66666666666666,184.75,75.6,7.473214285714286
1.55,170,185.41666666666666,77.32631578947368,8.696428571428571
1.56,171.83333333333334,185.16666666666666,78.2421052631579,9.169642857142858
1.58,172.33333333333334,185.75,78.15789473684211,8.883928571428571
1.60,172.66666666666666,185.83333333333334,78.8,9.1875
1.61,173.33333333333334,184.91666666666666,78.76842105263158,9.544642857142858
1.63,172.33333333333334,183.58333333333334,80.2421052631579,9.366071428571429
1.65,173.5,183.25,80.6421052631579,9.598214285714286
1.66,175.5,182.08333333333334,81.72631578947369,9.723214285714286
1.68,177.5,182.66666666666666,82.62105263157895,10.9375
1.70,178.66666666666666,184.08333333333334,83.6,11.035714285714286
1.71,180.33333333333334,184.33333333333334,84.76842105263158,11.5
1.73,181.5,185.08333333333334,85.13684210526316,12.276785714285714
1.75,181.5,185.16666666666666,86.08421052631579,12.535714285714286
1.76,182,183.91666666666666,87.46315789473684,12.589285714285714
1.78,184,182.25,87.30526315789474,13.491071428571429
1.80,183.16666666666666,182.33333333333334,88.49473684210527,14.946428571428571
1.81,182.83333333333334,182.66666666666666,89.08421052631579,15.758928571428571
1.83,183.33333333333334,181.5,91.10526315789474,16.151785714285715
1.85,183.83333333333334,180.41666666666666,91.61052631578947,16.875
1.86,183.5,179.16666666666666,92.47368421052632,16.839285714285715
1.88,183.66666666666666,178.08333333333334,93.66315789473684,17.758928571428573
1.90,184,178.16666666666666,93.8,17.901785714285715
1.91,183.33333333333334,178.58333333333334,94.26315789473684,18.508928571428573
1.93,183.83333333333334,179.41666666666666,95.23157894736842,18.419642857142858
1.95,184.66666666666666,178.5,95.47368421052632,19.098214285714285
1.96,184.83333333333334,178.5,95.49473684210527,19.776785714285715
1.98,184.16666666666666,178.16666666666666,96.06315789473685,20.214285714285715
2.00,183.83333333333334,179.5,95.82105263157895,20.080357142857142
2.01,184,180.25,96.42105263157895,20.169642857142858
2.03,183.33333333333334,180.08333333333334,96.63157894736842,21.071428571428573
2.05,182.83333333333334,180.5,98.29473684210527,20.633928571428573
2.06,183,180.16666666666666,99.02105263157895,20.026785714285715
2.08,182,180.25,98.46315789473684,18.848214285714285
2.10,180.83333333333334,179.75,98.6421052631579,19.821428571428573
2.11,179.66666666666666,178.75,99.10526315789474,20.026785714285715
2.13,178,178.33333333333334,99.3578947368421,19.758928571428573
2.15,177.33333333333334,180.41666666666666,99.16842105263157,19.848214285714285
2.16,176,181.41666666666666,99.3157894736842,19.901785714285715
2.18,175.66666666666666,182.58333333333334,99.42105263157895,20.758928571428573
2.20,174.66666666666666,182.66666666666666,99.67368421052632,20.339285714285715
2.21,175.66666666666666,183.16666666666666,100.41052631578947,20.178571428571427
2.23,175.33333333333334,182.33333333333334,100.73684210526316,19.883928571428573
2.25,174,182.66666666666666,101,19.75
2.26,172.66666666666666,183.08333333333334,100.90526315789474,19.517857142857142
2.28,169.66666666666666,184.33333333333334,101.0421052631579,19.553571428571427
2.30,169.5,186.83333333333334,100.63157894736842,19.330357142857142
2.31,168,188.16666666666666,101.41052631578947,20.696428571428573
2.33,165.5,188.91666666666666,101.87368421052632,20.821428571428573
2.35,165.16666666666666,188.75,103.4,20.535714285714285
2.36,163.66666666666666,188.58333333333334,103.70526315789473,20.053571428571427
2.38,164.66666666666666,188.25,103.6421052631579,20.1875
2.40,163.66666666666666,188.33333333333334,103.70526315789473,20.285714285714285
2.41,162.5,187.25,104.30526315789474,20.25
2.43,163.66666666666666,186.75,104.62105263157895,20.660714285714285
2.45,161.5,184.66666666666666,105.03157894736842,20.294642857142858
2.46,160,182.08333333333334,104.56842105263158,20.910714285714285
2.48,157.83333333333334,179.41666666666666,104.85263157894737,21.651785714285715
2.50,156.5,177.83333333333334,105.11578947368422,22.178571428571427
2.51,157.33333333333334,179.75,105.90526315789474,23.214285714285715
2.53,159,182.25,106.57894736842105,22.526785714285715
2.55,160.33333333333334,185.5,107.62105263157895,22.607142857142858
2.56,163,186.5,108.34736842105264,21.785714285714285
2.58,166.5,188.58333333333334,108.12631578947368,20.892857142857142
2.60,169.33333333333334,190.16666666666666,107.32631578947368,21.008928571428573
2.61,169.5,191.41666666666666,107.36842105263158,20.964285714285715
2.63,170.83333333333334,191.16666666666666,107.01052631578948,20.071428571428573
2.65,171.5,189.91666666666666,108.16842105263157,19.991071428571427
2.66,172.5,186.41666666666666,107.67368421052632,19.767857142857142
2.68,174.33333333333334,185.75,107.58947368421053,18.776785714285715
2.70,177,186,105.82105263157895,17.982142857142858
2.71,179.5,186.91666666666666,105.25263157894737,17.830357142857142
2.73,182.16666666666666,187.83333333333334,104.6,17.723214285714285
2.75,183.83333333333334,187.58333333333334,104.34736842105264,19.053571428571427
2.76,186.33333333333334,188.75,103.61052631578947,19.482142857142858
2.78,188,188.41666666666666,102.38947368421053,19.428571428571427
2.80,188.66666666666666,187.33333333333334,101.15789473684211,19.348214285714285
2.81,188.16666666666666,185.5,100.72631578947369,19.419642857142858
2.83,189.16666666666666,184.83333333333334,100,19.6875
2.85,189,185.16666666666666,100.9578947368421,19.857142857142858
2.86,190.66666666666666,184.58333333333334,100.9578947368421,19.875
2.88,191,184.41666666666666,101.51578947368421,19.375
2.90,191.66666666666666,184.91666666666666,101.6,18.848214285714285
2.91,191.83333333333334,184.33333333333334,101.56842105263158,18.821428571428573
2.93,191.5,184,100.9578947368421,18.116071428571427
2.95,191.33333333333334,183.5,100.56842105263158,18
2.96,191.16666666666666,182.33333333333334,99.4421052631579,17.919642857142858
2.98,191.5,182.16666666666666,99.37894736842105,18.410714285714285
3.00,190.5,181.58333333333334,99.27368421052631,18.732142857142858
3.01,190.16666666666666,179.83333333333334,99.36842105263158,19.526785714285715
3.03,189.5,177,98.84210526315789,19.107142857142858
3.05,191,178.16666666666666,98.85263157894737,18.035714285714285
3.06,190.5,180.41666666666666,99.43157894736842,17.723214285714285
3.08,189.5,181.75,100.07368421052631,17.544642857142858
3.10,188.83333333333334,181.58333333333334,100.62105263157895,17.053571428571427
3.11,188.5,180.33333333333334,100.16842105263157,17.696428571428573
3.13,188.83333333333334,179.16666666666666,100.71578947368421,17.580357142857142
3.15,189,178.08333333333334,101.22105263157894,17.348214285714285
3.16,189.5,178.58333333333334,101.3578947368421,17.616071428571427
3.18,188.83333333333334,179.83333333333334,100.4421052631579,17.482142857142858
3.20,187.83333333333334,180,100.52631578947368,17.839285714285715
3.21,188.16666666666666,180.08333333333334,100.63157894736842,17.589285714285715
3.23,187.5,181.5,100.0421052631579,17.919642857142858
3.25,185.83333333333334,181.33333333333334,100.83157894736843,17.258928571428573
3.26,185,181.75,101.2421052631579,17.392857142857142
3.28,183.66666666666666,181.83333333333334,99.91578947368421,16.607142857142858
3.30,182.33333333333334,183.5,99.88421052631578,16.401785714285715
3.31,182.33333333333334,183.83333333333334,99.83157894736843,16.3125
3.33,180.33333333333334,183.66666666666666,99.81052631578947,16.125
3.35,178.83333333333334,184.75,99.45263157894736,17.4375
3.36,176.66666666666666,184.25,99.5578947368421,17.767857142857142
3.38,174.66666666666666,182.5,99.93684210526315,16.919642857142858
3.40,174.16666666666666,183.41666666666666,100.18947368421053,16.294642857142858
3.41,172.33333333333334,185.58333333333334,99.67368421052632,16.133928571428573
3.43,172,186.41666666666666,100.38947368421053,16
3.45,170.83333333333334,187.75,100.16842105263157,16.098214285714285
3.46,168,186.5,100.56842105263158,15.508928571428571
3.48,166.83333333333334,186.33333333333334,99.89473684210526,16.455357142857142
3.50,166.66666666666666,187.58333333333334,99.6421052631579,16.419642857142858
3.51,166.66666666666666,188.33333333333334,100.33684210526316,16.241071428571427
3.53,165.5,187.83333333333334,100.71578947368421,16.660714285714285
3.55,165,188.5,100.70526315789473,16.830357142857142
3.56,164.16666666666666,186.66666666666666,100.86315789473684,16.633928571428573
3.58,164.66666666666666,186.08333333333334,101.6842105263158,17.375
3.60,164.83333333333334,185.08333333333334,101.52631578947368,16.946428571428573
3.61,165,182.75,101.90526315789474,17.705357142857142
3.63,164.5,180.33333333333334,101.86315789473684,17.928571428571427
3.65,164,177.25,101.52631578947368,18.089285714285715
3.66,165,176.33333333333334,101.4421052631579,19.125
3.68,166.5,176.91666666666666,101.65263157894736,19
3.70,166.5,180.83333333333334,100.9578947368421,19.017857142857142
3.71,166.66666666666666,184.91666666666666,101.57894736842105,20.339285714285715
3.73,167.83333333333334,186.66666666666666,102,20.964285714285715
3.75,167.66666666666666,186.91666666666666,102.22105263157894,21.3125
3.76,167.33333333333334,187.5,102.92631578947369,21.75
3.78,167.66666666666666,188.83333333333334,103.77894736842106,20.794642857142858
3.80,168,189.41666666666666,103.72631578947369,20.669642857142858
3.81,167.5,189.66666666666666,103.33684210526316,20.169642857142858
3.83,166.66666666666666,190.25,103.0421052631579,20.8125
3.85,168.66666666666666,190.75,102.82105263157895,20.258928571428573
3.86,168.33333333333334,190.5,102.89473684210526,19.196428571428573
3.88,167.5,188.16666666666666,103.67368421052632,18.410714285714285
3.90,169.83333333333334,187.5,103.42105263157895,18.428571428571427
3.91,168.83333333333334,188.58333333333334,103.5578947368421,18.955357142857142
3.93,170,190.5,104.61052631578947,19.875
3.95,169,190.75,104.94736842105263,20.3125
3.96,168,188.58333333333334,104.74736842105263,20.526785714285715
3.98,166.66666666666666,184.91666666666666,104.84210526315789,20.741071428571427
4.00,165.16666666666666,183.75,105.42105263157895,20.107142857142858
4.01,162.5,181.91666666666666,104.67368421052632,20.5625
4.03,160,179.16666666666666,104.26315789473684,20.348214285714285
4.05,157.5,176.25,103.23157894736842,20.339285714285715
4.06,153.83333333333334,172.83333333333334,103.23157894736842,20.160714285714285
4.08,149,170.75,103.17894736842105,20.258928571428573
4.10,145.16666666666666,169.58333333333334,104.06315789473685,20.357142857142858
4.11,142,167.58333333333334,105.14736842105263,19.723214285714285
4.13,138.83333333333334,167.83333333333334,105.12631578947368,19.446428571428573
4.15,136.83333333333334,167.91666666666666,105.3578947368421,19.151785714285715
4.16,135.16666666666666,167,104.84210526315789,18.142857142857142
4.18,135.33333333333334,167.41666666666666,104.23157894736842,19.125
4.20,132.16666666666666,169,104.14736842105263,19.5625
4.21,128.5,171.41666666666666,105.09473684210526,20.196428571428573
4.23,128.66666666666666,173.58333333333334,105.98947368421052,20.053571428571427
4.25,130.16666666666666,179,106.17894736842105,20.5625
4.26,135.5,183.5,106.3578947368421,20.133928571428573
4.28,142,186.08333333333334,107.32631578947368,19.901785714285715
4.30,149.66666666666666,189.08333333333334,106.96842105263158,19.044642857142858
4.31,155.33333333333334,191.16666666666666,107.50526315789473,18.767857142857142
4.33,159,191,107.88421052631578,19.366071428571427
4.35,160.33333333333334,189.91666666666666,108.29473684210527,19.375
4.36,161.16666666666666,190.75,108.16842105263157,19.714285714285715
4.38,162.66666666666666,192.66666666666666,107.90526315789474,19.285714285714285
4.40,164.16666666666666,193.5,107.73684210526316,19.044642857142858
4.41,164,194.08333333333334,107.27368421052631,18.1875
4.43,164.5,195.5,106.2421052631579,16.964285714285715
4.45,165.83333333333334,196,105.21052631578948,16.991071428571427
4.46,167.33333333333334,195.66666666666666,105.02105263157895,17.446428571428573
4.48,169.33333333333334,196.75,104.36842105263158,18.044642857142858
4.50,168.33333333333334,196.41666666666666,104.28421052631579,18.446428571428573
4.51,166.83333333333334,194.58333333333334,104.51578947368421,18.508928571428573
4.53,166.66666666666666,194.16666666666666,104.28421052631579,17.803571428571427
4.55,166.16666666666666,191.41666666666666,103.88421052631578,18.526785714285715
4.56,166,191.66666666666666,103.84210526315789,18.857142857142858
4.58,164.83333333333334,191.16666666666666,104.05263157894737,19.491071428571427
4.60,164.5,190.66666666666666,104.4421052631579,19.910714285714285
4.61,165.66666666666666,191.83333333333334,104.14736842105263,19.705357142857142
4.63,164.33333333333334,192.25,104.47368421052632,19.839285714285715
4.65,164.33333333333334,192.25,104.67368421052632,20.25
4.66,164.83333333333334,193.25,103.77894736842106,19.9375
4.68,165.5,194.58333333333334,103.06315789473685,19.571428571428573
4.70,166,193.58333333333334,103.2,19.3125
4.71,166.5,193.33333333333334,102.7578947368421,19.607142857142858
4.73,166.33333333333334,192.75,102.71578947368421,18.901785714285715
4.75,166.66666666666666,192,102.56842105263158,18.714285714285715
4.76,167.66666666666666,190.75,102.26315789473684,20.035714285714285
4.78,167.83333333333334,189.5,103.03157894736842,20.125
4.80,171.66666666666666,187.16666666666666,103.18947368421053,18.991071428571427
4.81,172,185.91666666666666,103.01052631578948,18.625
4.83,171.66666666666666,186.58333333333334,102.92631578947369,18.205357142857142
4.85,172.5,187.5,102.90526315789474,18.491071428571427
4.86,173.66666666666666,187.33333333333334,102.72631578947369,17.8125
4.88,175.66666666666666,186.41666666666666,102.18947368421053,18.080357142857142
4.90,176.16666666666666,186.33333333333334,101.69473684210526,17.321428571428573
4.91,177.33333333333334,186.25,100.84210526315789,17
4.93,177.16666666666666,188.75,100.3578947368421,17.3125
4.95,177.5,189.16666666666666,100.4421052631579,17.044642857142858
4.96,177.66666666666666,189.83333333333334,100.4,16.508928571428573
4.98,176.5,190.16666666666666,100.54736842105264,16.598214285714285
5.00,175.33333333333334,189.91666666666666,101.2,16.821428571428573
5.01,175.66666666666666,189.16666666666666,100.10526315789474,17.008928571428573
5.03,175.66666666666666,188.25,100.26315789473684,16.75
5.05,175.5,188.41666666666666,100.47368421052632,16.616071428571427
5.06,178.83333333333334,190.41666666666666,100.3157894736842,16.267857142857142
5.08,177.5,190.41666666666666,100.7578947368421,16.883928571428573
5.10,176.33333333333334,191.33333333333334,100.90526315789474,16.75
5.11,175.83333333333334,192.83333333333334,100.6842105263158,16.5
5.13,178.33333333333334,192.08333333333334,101.69473684210526,16.178571428571427
5.15,178.16666666666666,192.83333333333334,102.16842105263157,16.071428571428573
5.16,176.5,192.75,102.50526315789473,16.107142857142858
5.18,177.33333333333334,190.75,101.93684210526315,16.705357142857142
5.20,175.16666666666666,189.91666666666666,102.45263157894736,16.848214285714285
5.21,174.33333333333334,189.75,103.25263157894737,17.348214285714285
5.23,172,187.58333333333334,103.57894736842105,17.303571428571427
5.25,171.5,184.58333333333334,103.9578947368421,16.517857142857142
5.26,170.66666666666666,181.25,103.89473684210526,16.491071428571427
5.28,170,179.25,103.98947368421052,17.017857142857142
5.30,169.5,178.5,104.83157894736843,16.982142857142858
5.31,168.33333333333334,178.25,105.70526315789473,17.964285714285715
5.33,166.83333333333334,178.75,106.07368421052631,19.339285714285715
5.35,164.33333333333334,179.41666666666666,105.86315789473684,19.535714285714285
5.36,163,183.5,107.32631578947368,20.375
5.38,162.66666666666666,182.66666666666666,106.51578947368421,19.776785714285715
5.40,160.66666666666666,183.33333333333334,106.0421052631579,20.25
5.41,159.5,184.75,106.02105263157895,21.026785714285715
5.43,158,183.08333333333334,105.61052631578947,21.991071428571427
5.45,155.66666666666666,185.25,105.54736842105264,23.276785714285715
5.46,154.5,185.25,106.2,23.0625
5.48,153.66666666666666,185.16666666666666,106.03157894736842,22.732142857142858
5.50,153.33333333333334,187.91666666666666,106.28421052631579,22.785714285714285
5.51,151.33333333333334,190.5,105.71578947368421,22.5625
5.53,151,191.08333333333334,106.3157894736842,22.544642857142858
5.55,150.16666666666666,191.41666666666666,106.62105263157895,22.107142857142858
5.56,150.66666666666666,192.58333333333334,106.26315789473684,22.017857142857142
5.58,150.83333333333334,192.58333333333334,105.85263157894737,22.223214285714285
5.60,151,193.08333333333334,106.38947368421053,22.151785714285715
5.61,153.66666666666666,193.33333333333334,106.36842105263158,21.3125
5.63,155.5,194.91666666666666,106.6842105263158,20.723214285714285
5.65,157,196.33333333333334,107.48421052631579,21.392857142857142
5.66,157.5,196.41666666666666,107.66315789473684,21.303571428571427
5.68,158,197.58333333333334,107.54736842105264,21.339285714285715
5.70,158.83333333333334,197.33333333333334,107.72631578947369,20.964285714285715
5.71,158.16666666666666,198,107.29473684210527,20.669642857142858
5.73,157.66666666666666,197.66666666666666,106.86315789473684,20.946428571428573
5.75,160,196.75,106.72631578947369,20.607142857142858
5.76,159.5,196.75,106.51578947368421,20.901785714285715
5.78,159.66666666666666,197.33333333333334,105.81052631578947,21.035714285714285
5.80,160.33333333333334,199.08333333333334,107.49473684210527,21.151785714285715
5.81,160.16666666666666,198.66666666666666,107.9578947368421,21.741071428571427
5.83,160.16666666666666,199,108.83157894736843,21.071428571428573
5.85,158.66666666666666,197.58333333333334,108.6,19.982142857142858
5.86,157.5,196.25,108.3578947368421,20.357142857142858
5.88,159,196.16666666666666,108.83157894736843,21.151785714285715
5.90,159.33333333333334,196.33333333333334,109.2421052631579,22.714285714285715
5.91,161.16666666666666,197.83333333333334,110.21052631578948,22.410714285714285
5.93,161.16666666666666,197.83333333333334,110.5578947368421,21.5
5.95,159.66666666666666,199.25,111.52631578947368,22.803571428571427
5.96,161.83333333333334,199.33333333333334,111.62105263157895,22.75
5.98,161.5,199.16666666666666,111.34736842105264,22.1875
6.00,159.66666666666666,199.33333333333334,110.3578947368421,22.5
6.01,160.16666666666666,199.25,109.98947368421052,22.669642857142858
6.03,162.5,200.33333333333334,110.0421052631579,22.383928571428573
6.05,162.33333333333334,202.5,110.08421052631579,21.625
6.06,164.33333333333334,203.41666666666666,110.28421052631579,20.410714285714285
6.08,164.66666666666666,205.58333333333334,109.9578947368421,20
6.10,163,205.25,109.58947368421053,21.035714285714285
6.11,163.33333333333334,204.58333333333334,108.8,20.5
6.13,163,204.66666666666666,108.69473684210526,19.4375
6.15,163.66666666666666,205.16666666666666,108.2421052631579,20.125
6.16,165.83333333333334,203.08333333333334,107.6842105263158,19.964285714285715
6.18,165.16666666666666,200.16666666666666,106.81052631578947,20.241071428571427
6.20,164.83333333333334,198.75,106.11578947368422,19.991071428571427
6.21,166.33333333333334,198.16666666666666,106.18947368421053,19.767857142857142
6.23,169,197.08333333333334,106.09473684210526,20.214285714285715
6.25,169.66666666666666,195.16666666666666,104.89473684210526,19.571428571428573
6.26,171.66666666666666,194.33333333333334,104.3157894736842,20.017857142857142
6.28,172.5,194.58333333333334,104.11578947368422,20.348214285714285
6.30,172,193.33333333333334,103.41052631578947,21.151785714285715
6.31,174,193.25,103.10526315789474,20.901785714285715
6.33,174,191.33333333333334,104.07368421052631,20.526785714285715
6.35,176.16666666666666,191.25,105.38947368421053,20.401785714285715
6.36,175.66666666666666,191.16666666666666,105.43157894736842,20.348214285714285
6.38,176.16666666666666,189.91666666666666,105.91578947368421,20.348214285714285
6.40,177,188.66666666666666,105.61052631578947,20.464285714285715
6.41,176.33333333333334,189,104.87368421052632,21.142857142857142
6.43,176,189.5,103.89473684210526,20.607142857142858
6.45,176.33333333333334,188.33333333333334,102.45263157894736,20.267857142857142
6.46,178.16666666666666,188.41666666666666,102,20.8125
6.48,177.33333333333334,189.41666666666666,102.90526315789474,21.196428571428573
6.50,176.33333333333334,187.75,103.57894736842105,21.223214285714285
6.51,177.33333333333334,186.66666666666666,103.54736842105264,20.910714285714285
6.53,177.5,185.58333333333334,104.28421052631579,20.375
6.55,175.5,184.75,104.21052631578948,20.25
6.56,176,185.75,104.92631578947369,20.3125
6.58,174.33333333333334,185.83333333333334,105.09473684210526,19.982142857142858
6.60,174.5,187.25,104.22105263157894,20.241071428571427
6.61,172.16666666666666,188.66666666666666,104.23157894736842,19.910714285714285
6.63,172.16666666666666,187.25,104.3578947368421,19.392857142857142
6.65,170,187.75,104.16842105263157,18.598214285714285
6.66,169.83333333333334,189.25,103.45263157894736,18.517857142857142
6.68,167.5,188.33333333333334,103.38947368421053,18.955357142857142
6.70,165.83333333333334,187.91666666666666,103.13684210526316,18.544642857142858
6.71,164,190.5,102.66315789473684,19.232142857142858
6.73,162.33333333333334,192.83333333333334,103.56842105263158,19.589285714285715
6.75,159.66666666666666,192.83333333333334,103.82105263157895,19.482142857142858
6.76,159,192.66666666666666,102.43157894736842,18.946428571428573
6.78,159.16666666666666,193.16666666666666,102.13684210526316,19.678571428571427
6.80,157.83333333333334,194.91666666666666,101.7578947368421,19.741071428571427
6.81,155.16666666666666,195.58333333333334,101.2421052631579,20.955357142857142
6.83,153.16666666666666,194.5,104.26315789473684,22.080357142857142
6.85,152,192.83333333333334,106.08421052631579,23.089285714285715
6.86,149.83333333333334,191.91666666666666,106.66315789473684,22.598214285714285
6.88,146.5,189.5,107.5578947368421,21.973214285714285
6.90,143.16666666666666,188.33333333333334,108.02105263157895,21.410714285714285
6.91,140.33333333333334,186.66666666666666,108.16842105263157,23.098214285714285
6.93,140.16666666666666,186.16666666666666,107.05263157894737,22.955357142857142
6.95,137.83333333333334,185.16666666666666,107.23157894736842,23.178571428571427
6.96,137.66666666666666,184.5,106.42105263157895,22.098214285714285
6.98,135.83333333333334,184.08333333333334,105.84210526315789,21.419642857142858
7.00,135.16666666666666,185.66666666666666,104.94736842105263,20.660714285714285
7.01,136,185.41666666666666,104.16842105263157,19.419642857142858
7.03,135.33333333333334,184.58333333333334,103.83157894736843,18.696428571428573
7.05,135.33333333333334,186.16666666666666,104.4421052631579,18.8125
7.06,138.83333333333334,187.08333333333334,104.88421052631578,19.089285714285715
7.08,138,187.75,104.71578947368421,19.008928571428573
7.10,136,187,105.09473684210526,20.508928571428573
7.11,136,188.08333333333334,105.25263157894737,21.294642857142858
7.13,136.16666666666666,187.58333333333334,105.45263157894736,21.714285714285715
7.15,137,186.75,106.8,22.732142857142858
7.16,137,186.75,107.81052631578947,23.857142857142858
7.18,138.83333333333334,187.83333333333334,107.6421052631579,24.375
7.20,144.16666666666666,190.58333333333334,107.97894736842105,25.3125
7.21,145.16666666666666,191.5,108.56842105263158,25.883928571428573
7.23,147,190.91666666666666,109,27.598214285714285
7.25,148.33333333333334,190.5,109.46315789473684,28.6875
7.26,147.33333333333334,190.08333333333334,109.71578947368421,28.964285714285715
7.28,151.16666666666666,189.16666666666666,110.14736842105263,28.642857142857142
7.30,150.83333333333334,187.83333333333334,110.3157894736842,27.464285714285715
7.31,150.16666666666666,187.41666666666666,109.72631578947369,27.035714285714285
7.33,149.83333333333334,187.08333333333334,110.03157894736842,28.017857142857142
7.35,150.5,186.58333333333334,110.06315789473685,28.044642857142858
7.37,149.5,185.91666666666666,109.73684210526316,28.214285714285715
7.38,148.66666666666666,186.25,109.53684210526316,28.1875
7.40,149.5,187.08333333333334,109.86315789473684,28.214285714285715
7.41,149.5,187.25,110.88421052631578,28.660714285714285
7.43,150.33333333333334,187.58333333333334,110.38947368421053,28.428571428571427
7.45,150.66666666666666,185.83333333333334,110.87368421052632,28.598214285714285
7.46,151.66666666666666,184,110.52631578947368,28.428571428571427
7.48,153.33333333333334,182.58333333333334,110.16842105263157,28.071428571428573
7.50,154,182,109.9578947368421,28.410714285714285
7.51,155,180.16666666666666,110.72631578947369,27.651785714285715
7.53,156.16666666666666,181.08333333333334,110.88421052631578,27.017857142857142
7.55,157.16666666666666,181.58333333333334,111.96842105263158,26.669642857142858
7.56,159.66666666666666,181.75,112.13684210526316,26.267857142857142
7.58,159.66666666666666,182.33333333333334,111.47368421052632,26.419642857142858
7.60,161.16666666666666,183.66666666666666,112.21052631578948,25.258928571428573
7.61,162.83333333333334,184.08333333333334,111.83157894736843,24.339285714285715
7.63,163.66666666666666,186.08333333333334,111.53684210526316,23.428571428571427
7.65,165.83333333333334,186.91666666666666,111.3578947368421,22.946428571428573
7.66,164.33333333333334,188.25,110.86315789473684,22.482142857142858
7.68,162.66666666666666,187.66666666666666,111.3578947368421,23.0625
7.70,161.5,187.66666666666666,111.11578947368422,23.044642857142858
7.71,160.83333333333334,188.58333333333334,110.8,24.125
7.73,162.66666666666666,188.41666666666666,110.6,24.625
7.75,164,189.66666666666666,111.29473684210527,24.8125
7.76,162.66666666666666,189.83333333333334,111.6,25.142857142857142
7.78,164.33333333333334,190.66666666666666,111.43157894736842,25.044642857142858
7.80,168.66666666666666,190.75,111.90526315789474,24.294642857142858
7.81,172.33333333333334,189.25,112.34736842105264,23.696428571428573
7.83,170.33333333333334,189.33333333333334,112.41052631578947,23.080357142857142
7.85,170.66666666666666,190.33333333333334,111.38947368421053,22.696428571428573
7.86,172.5,189.66666666666666,110.6421052631579,22.535714285714285
7.88,174,190.16666666666666,109.56842105263158,22.125
7.90,174.66666666666666,188.08333333333334,109.14736842105263,22.25
7.91,173.66666666666666,184.5,108.49473684210527,22.080357142857142
7.93,175,184.75,108.82105263157895,21.473214285714285
7.95,176.83333333333334,184.16666666666666,108.92631578947369,21.482142857142858
7.96,177,183.58333333333334,108.45263157894736,21.446428571428573
7.98,177.5,181.25,108.10526315789474,21.830357142857142
8.00,177.16666666666666,178.83333333333334,108.3578947368421,22.089285714285715
8.01,178.33333333333334,177.58333333333334,107.69473684210526,22.839285714285715
8.03,179.33333333333334,176,106.49473684210527,22.794642857142858
8.05,181.83333333333334,177.08333333333334,105.57894736842105,22.660714285714285
8.06,181.66666666666666,177.75,105.2,22.419642857142858
8.08,183,179.08333333333334,105.78947368421052,22.598214285714285
8.11,184.33333333333334,181.83333333333334,106.10526315789474,22.214285714285715
8.11,184.5,183.33333333333334,106.7578947368421,22.026785714285715
8.13,184,186.91666666666666,107.25263157894737,21.214285714285715
8.15,184.16666666666666,189.41666666666666,106.50526315789473,20.723214285714285
8.16,185.66666666666666,189.75,106.11578947368422,20.660714285714285
8.18,185.66666666666666,192.08333333333334,107.23157894736842,20.991071428571427
8.20,184.83333333333334,193.33333333333334,107,20.5625
8.21,188.5,192.08333333333334,106.0421052631579,20.607142857142858
8.23,187.33333333333334,192.33333333333334,106.25263157894737,21.330357142857142
8.25,187,193.41666666666666,105.94736842105263,20.875
8.26,186.5,194.75,105.6,19.794642857142858
8.28,186,193.08333333333334,105.41052631578947,19.482142857142858
8.30,186.16666666666666,192,105.30526315789474,19.875
8.31,186.33333333333334,192,105.21052631578948,19.258928571428573
8.33,186,193,105.09473684210526,19.517857142857142
8.35,185.5,194.16666666666666,104.84210526315789,19.803571428571427
8.36,184.83333333333334,192.33333333333334,104.41052631578947,20.392857142857142
8.38,185,190.83333333333334,103.30526315789474,20.482142857142858
8.40,183.83333333333334,189.41666666666666,102.61052631578947,21.1875
8.41,184.16666666666666,188.58333333333334,101.83157894736843,20.0625
8.43,183.33333333333334,187.41666666666666,102.05263157894737,19.910714285714285
8.45,182.83333333333334,185.25,101.11578947368422,19.267857142857142
8.46,182.33333333333334,183.41666666666666,101.16842105263157,18.75
8.48,181.5,181.83333333333334,101.67368421052632,18.883928571428573
8.50,181,180.5,101.56842105263158,18.883928571428573
8.51,180.16666666666666,179.66666666666666,101.51578947368421,18.160714285714285
8.53,180.33333333333334,179.25,101.56842105263158,18.401785714285715
8.55,179.66666666666666,179.58333333333334,101.7578947368421,18.669642857142858
8.56,178.16666666666666,180.66666666666666,102.52631578947368,18.205357142857142
8.58,177.5,181.08333333333334,103.26315789473684,19.008928571428573
8.60,176.16666666666666,180.08333333333334,103.09473684210526,19.151785714285715
8.61,176,181.25,103.57894736842105,19.982142857142858
8.63,176.83333333333334,181.41666666666666,103.9578947368421,19.589285714285715
8.65,176.16666666666666,181.58333333333334,104.3578947368421,19.223214285714285
8.66,176.83333333333334,181.58333333333334,104.30526315789474,19.232142857142858
8.68,176.66666666666666,180.75,105.13684210526316,18.535714285714285
8.70,175.16666666666666,182.83333333333334,104.98947368421052,18.776785714285715
8.71,175,185,104.96842105263158,18.857142857142858
8.73,175.16666666666666,187.91666666666666,104.85263157894737,19.258928571428573
8.75,173,188.16666666666666,105.47368421052632,18.607142857142858
8.76,173.83333333333334,187.58333333333334,105.77894736842106,19.669642857142858
8.78,173.33333333333334,189.41666666666666,106.88421052631578,20.008928571428573
8.80,172,189.58333333333334,107.15789473684211,20.285714285714285
8.81,171.5,190.83333333333334,106.5578947368421,20.696428571428573
8.83,170,191.08333333333334,106.73684210526316,21.642857142857142
8.85,168.16666666666666,191.66666666666666,107.12631578947368,22.008928571428573
8.86,165.66666666666666,192,106.84210526315789,22.178571428571427
8.88,165.83333333333334,190.41666666666666,106.3578947368421,22.419642857142858
8.90,163.33333333333334,189.5,106.65263157894736,22.946428571428573
8.91,160.33333333333334,188.75,106.30526315789474,23.178571428571427
8.93,157.5,186.58333333333334,106.02105263157895,23.821428571428573
8.95,154.33333333333334,184.66666666666666,105.61052631578947,23.553571428571427
8.96,151.33333333333334,182.33333333333334,106.37894736842105,23.339285714285715
8.98,147.66666666666666,182,107.10526315789474,23.589285714285715
9.00,142.5,181.08333333333334,106.54736842105264,23.0625
9.01,138.33333333333334,180.5,107,23.125
9.03,134.83333333333334,180.08333333333334,107.22105263157894,23.330357142857142
9.05,133.33333333333334,179.58333333333334,106.71578947368421,22.678571428571427
9.06,135.16666666666666,180.33333333333334,106.53684210526316,22.464285714285715
9.08,134.66666666666666,180,105.97894736842105,22.1875
9.10,136.66666666666666,181.33333333333334,105.89473684210526,22.1875
9.11,138.83333333333334,182,106.3157894736842,21.955357142857142
9.13,141,180.75,107.6421052631579,22.848214285714285
9.15,144.16666666666666,179.08333333333334,108.29473684210527,23.919642857142858
9.16,146.66666666666666,178.16666666666666,108.27368421052631,23.330357142857142
9.18,147.33333333333334,177.75,108.45263157894736,23.482142857142858
9.20,148.16666666666666,178,108.32631578947368,23.428571428571427
9.21,153,180,108.0421052631579,23.785714285714285
9.23,153.83333333333334,180.58333333333334,107.05263157894737,24.25
9.25,155.5,181.66666666666666,107.65263157894736,23.9375
9.26,157,183.33333333333334,107.6,23.758928571428573
9.28,160.16666666666666,185.75,108.25263157894737,23.205357142857142
9.30,161.83333333333334,189.33333333333334,108.65263157894736,23.4375
9.31,164.66666666666666,190.25,109.16842105263157,22.8125
9.33,165.5,190.41666666666666,109.36842105263158,21.455357142857142
9.35,168.83333333333334,189.25,108.69473684210526,21.875
9.36,168.66666666666666,188.16666666666666,108.78947368421052,21.5625
9.38,167.66666666666666,187.5,108.28421052631579,22.196428571428573
9.40,168.16666666666666,186.83333333333334,108.33684210526316,22.035714285714285
9.41,167.66666666666666,185.16666666666666,109.3578947368421,22.1875
9.43,166.5,184.91666666666666,109.82105263157895,22.901785714285715
9.45,165.66666666666666,182.41666666666666,110.71578947368421,23.776785714285715
9.46,165.66666666666666,181.08333333333334,110.5578947368421,23.741071428571427
9.48,166.5,179.33333333333334,110.41052631578947,23.883928571428573
9.50,165,177.83333333333334,110.4421052631579,24.071428571428573
9.51,168.83333333333334,178.91666666666666,110.66315789473684,23.6875
9.53,168.66666666666666,180.58333333333334,110.82105263157895,23.125
9.55,165.5,181.25,110.21052631578948,23.455357142857142
9.56,162.33333333333334,183.08333333333334,109.73684210526316,24.419642857142858
9.58,158.16666666666666,182.41666666666666,109.21052631578948,24.241071428571427
9.60,155.16666666666666,182.25,108.94736842105263,23.508928571428573
9.61,156.83333333333334,186.25,108.37894736842105,22.464285714285715
9.63,159.5,187.91666666666666,108.29473684210527,22.169642857142858
9.65,160,188.91666666666666,108.17894736842105,21.830357142857142
9.66,162.33333333333334,188.33333333333334,108.08421052631579,20.857142857142858
9.68,164.66666666666666,190.41666666666666,107.98947368421052,19.946428571428573
9.70,165.66666666666666,192.66666666666666,108.06315789473685,19.866071428571427
9.71,165.83333333333334,193,107.4421052631579,20.776785714285715
9.73,164.5,193.5,106.17894736842105,20.142857142857142
9.75,161.83333333333334,193.83333333333334,105.57894736842105,20.875
9.76,159.16666666666666,193.75,104.87368421052632,19.758928571428573
9.78,156.5,192.66666666666666,104.70526315789473,19.705357142857142
9.80,155.66666666666666,192.83333333333334,104.23157894736842,19.830357142857142
9.81,159,193.33333333333334,105.38947368421053,19.401785714285715
9.83,160.83333333333334,193.25,106.6,19.125
9.85,160.33333333333334,193.25,106.22105263157894,19.660714285714285
9.86,162.83333333333334,194,106.17894736842105,19.267857142857142
9.88,163,192.75,105.28421052631579,20.276785714285715
9.90,163,192.58333333333334,104.77894736842106,20.589285714285715
9.91,162.5,192.83333333333334,103.50526315789473,20.464285714285715
9.93,160.33333333333334,192.83333333333334,102.88421052631578,19.892857142857142
9.95,157.83333333333334,193.33333333333334,101.50526315789473,19.473214285714285
9.96,156.83333333333334,192.66666666666666,101.29473684210527,20.419642857142858
9.98,156.16666666666666,192.58333333333334,101.65263157894736,20.330357142857142
10.00,156,192.58333333333334,102.0421052631579,19.776785714285715
10.01,155.83333333333334,192,102.34736842105264,19.464285714285715
10.03,154.5,189.66666666666666,102.98947368421052,19.125
10.05,154.16666666666666,186.25,102.98947368421052,18.598214285714285
10.06,156.33333333333334,185.75,103.71578947368421,18.169642857142858
10.08,156.33333333333334,185.58333333333334,103.15789473684211,18.714285714285715
10.10,155.83333333333334,184.66666666666666,103.12631578947368,18.446428571428573
10.11,155.5,184.5,102.61052631578947,18.464285714285715
10.13,155.66666666666666,184.16666666666666,102.32631578947368,19.75
10.15,154.5,183.75,102.37894736842105,19.946428571428573
10.16,153.5,183.25,103.0421052631579,20.625
10.18,151.16666666666666,183.83333333333334,102.82105263157895,19.991071428571427
10.20,149.66666666666666,183.83333333333334,102.6842105263158,19.928571428571427
10.21,148.66666666666666,185.5,103.22105263157894,19.169642857142858
10.23,147.66666666666666,184.58333333333334,103.21052631578948,19.205357142857142
10.25,150.33333333333334,184.58333333333334,102.67368421052632,18.410714285714285
10.26,149.5,185.33333333333334,103.09473684210526,18.258928571428573
10.28,147.5,185.33333333333334,103.0421052631579,18.794642857142858
10.30,146.33333333333334,184.41666666666666,103.17894736842105,19.0625
10.31,146,183,102.61052631578947,19.616071428571427
10.33,146.83333333333334,182.75,102.3578947368421,19.571428571428573
10.35,146.5,182.75,102.3578947368421,18.714285714285715
10.36,146.5,181,102.85263157894737,18.544642857142858
10.38,145,178.66666666666666,102.2421052631579,17.955357142857142
10.40,145.5,179.66666666666666,102.23157894736842,17.4375
10.41,146.33333333333334,182.08333333333334,103.72631578947369,16.410714285714285
10.43,147,183.58333333333334,104.11578947368422,16.598214285714285
10.45,151,186.41666666666666,103.4,16.964285714285715
10.46,150.33333333333334,189.5,102.93684210526315,17.267857142857142
10.48,150.83333333333334,192.75,102.49473684210527,17.964285714285715
10.50,150,194.33333333333334,102.4,18.508928571428573
10.51,148.66666666666666,195.08333333333334,102.62105263157895,18.883928571428573
10.53,146.83333333333334,195.58333333333334,104.02105263157895,18.6875
10.55,146.66666666666666,195.41666666666666,104.71578947368421,18.339285714285715
10.56,145.66666666666666,195.08333333333334,104.76842105263158,18.553571428571427
10.58,146,193.75,105.57894736842105,18.5625
10.60,147.5,191.75,105.63157894736842,19.651785714285715
10.61,148.5,190.58333333333334,105.2421052631579,20.303571428571427
10.63,145.66666666666666,188.75,105.23157894736842,20.232142857142858
10.65,145.5,187,104.98947368421052,20.580357142857142
10.66,144.33333333333334,186.75,104.69473684210526,20.642857142857142
10.68,144.66666666666666,186.5,105.16842105263157,20.919642857142858
10.70,143.83333333333334,185.83333333333334,105.57894736842105,20.678571428571427
10.71,142.33333333333334,183.83333333333334,105.70526315789473,20.669642857142858
10.73,142.66666666666666,181.91666666666666,105.50526315789473,20.428571428571427
10.75,142.5,181.41666666666666,105.86315789473684,20.151785714285715
10.76,143,180.75,106.43157894736842,20.1875
10.78,141.83333333333334,178.66666666666666,105.94736842105263,19.339285714285715
10.80,140.33333333333334,174.75,105.22105263157894,20.053571428571427
10.81,143.16666666666666,172.16666666666666,105.16842105263157,20.678571428571427
10.83,144.66666666666666,173,105.4421052631579,20.491071428571427
10.85,144.5,174.66666666666666,106.32631578947368,20.776785714285715
10.86,145.66666666666666,176.91666666666666,106.52631578947368,21.258928571428573
10.88,145.5,178.83333333333334,106.13684210526316,21.383928571428573
10.90,146.5,181.83333333333334,106.18947368421053,20.9375
10.91,145.83333333333334,185.08333333333334,106.49473684210527,20.732142857142858
10.93,144.33333333333334,186.75,106.38947368421053,20.848214285714285
10.95,145,186.5,105.88421052631578,20.526785714285715
10.96,147.16666666666666,185.5,106.07368421052631,20.973214285714285
10.98,147.33333333333334,185.91666666666666,105.62105263157895,20.464285714285715
11.00,148,186.91666666666666,105.72631578947369,20.098214285714285
11.01,145.5,185.25,105.23157894736842,19.857142857142858
11.03,144.33333333333334,183.41666666666666,106.12631578947368,21.598214285714285
11.05,143.5,182.66666666666666,105.74736842105263,22.660714285714285
11.06,142.66666666666666,180.58333333333334,106.10526315789474,21.669642857142858
11.08,142,178,106.47368421052632,21.008928571428573
11.10,142.16666666666666,177.08333333333334,105.94736842105263,21.142857142857142
11.11,140.83333333333334,179,106.18947368421053,20.026785714285715
11.13,141.5,182.08333333333334,105.86315789473684,20.196428571428573
11.15,141.83333333333334,184.41666666666666,106.03157894736842,19.928571428571427
11.16,143.16666666666666,184.08333333333334,105.46315789473684,19.75
11.18,143.66666666666666,185.33333333333334,105.62105263157895,19.598214285714285
11.20,146.5,187.58333333333334,106.74736842105263,19.348214285714285
11.21,152.16666666666666,190.25,106.71578947368421,19.830357142857142
11.23,155.66666666666666,191.75,106.53684210526316,20.857142857142858
11.25,160.83333333333334,194.75,106.9578947368421,20.5625
11.26,163,195.91666666666666,106.84210526315789,20.142857142857142
11.28,164.5,196.58333333333334,107.13684210526316,20.892857142857142
11.30,165.83333333333334,198.5,107.18947368421053,20.223214285714285
11.31,168.83333333333334,200.25,107.84210526315789,19.473214285714285
11.33,169.16666666666666,201.66666666666666,107.61052631578947,18.901785714285715
11.35,168.83333333333334,202,107.0421052631579,18.526785714285715
11.36,167.83333333333334,203.33333333333334,106.87368421052632,18.901785714285715
11.38,169.33333333333334,204.25,106.51578947368421,18.401785714285715
11.40,168.16666666666666,204.5,106.85263157894737,17.758928571428573
11.41,166.33333333333334,206.75,106.41052631578947,18.3125
11.43,165.16666666666666,205.33333333333334,105.49473684210527,18.285714285714285
11.45,164.33333333333334,206.83333333333334,104.86315789473684,18.892857142857142
11.46,163.33333333333334,207.5,104.88421052631578,18.991071428571427
11.48,165.83333333333334,205.83333333333334,105.91578947368421,18.964285714285715
11.50,165.83333333333334,205.25,105.72631578947369,19.276785714285715
11.51,164.16666666666666,203.25,105.37894736842105,18.732142857142858
11.53,164.66666666666666,201.41666666666666,104.96842105263158,19.098214285714285
11.55,162.16666666666666,198,105.12631578947368,19.616071428571427
11.56,158.66666666666666,195.5,104.53684210526316,19.3125
11.58,157.33333333333334,193.33333333333334,104.49473684210527,19.3125
11.60,155.5,191,104.51578947368421,18.544642857142858
11.61,153.33333333333334,188.58333333333334,104.21052631578948,18.9375
11.63,153.33333333333334,188.91666666666666,104.3157894736842,18.892857142857142
11.65,150.83333333333334,187.91666666666666,104.12631578947368,19.0625
11.66,149.16666666666666,187.66666666666666,104.09473684210526,18.651785714285715
11.68,150.33333333333334,185,103.52631578947368,18.321428571428573
11.70,148.16666666666666,183.08333333333334,103.17894736842105,18.0625
11.71,146.5,182.5,102.15789473684211,18.223214285714285
11.73,147,181.91666666666666,101.89473684210526,17.607142857142858
11.75,145.33333333333334,180.16666666666666,102.09473684210526,17.321428571428573
11.76,144.33333333333334,179.33333333333334,101.7578947368421,17.491071428571427
11.78,145.16666666666666,180.16666666666666,102.02105263157895,17.875
11.80,143.33333333333334,180.41666666666666,101.86315789473684,18.25
11.81,142.16666666666666,183.5,102.16842105263157,17.991071428571427
11.83,142.66666666666666,184.83333333333334,101.67368421052632,18.375
11.85,141.33333333333334,185.08333333333334,101.0421052631579,17.857142857142858
11.86,139.5,187.75,100.43157894736842,17.839285714285715
11.88,137.33333333333334,187.75,100,17.339285714285715
11.90,136,189,100.18947368421053,16.928571428571427
11.91,134,188.75,100.88421052631578,17.482142857142858
11.93,132.33333333333334,189.91666666666666,101.21052631578948,17.071428571428573
11.95,133.83333333333334,189.5,101.45263157894736,16.776785714285715
11.96,134.16666666666666,190.41666666666666,103.02105263157895,15.928571428571429
11.98,135.5,190.5,102.03157894736842,15.758928571428571
12.00,136.16666666666666,189.41666666666666,102.3157894736842,15.732142857142858
12.01,136.16666666666666,189.25,102.25263157894737,15.848214285714286
12.03,140.66666666666666,189.16666666666666,101.73684210526316,16.616071428571427
12.05,144,189.91666666666666,101.83157894736843,17.044642857142858
12.06,147.33333333333334,190,102.51578947368421,18.098214285714285
12.08,148.83333333333334,188.33333333333334,102.91578947368421,18.946428571428573
12.10,150,187.75,103.9578947368421,19.035714285714285
12.11,152.33333333333334,186.33333333333334,103.90526315789474,18.544642857142858
12.13,155,184.16666666666666,103.65263157894736,18.008928571428573
12.15,156,184.91666666666666,103.47368421052632,17.776785714285715
12.16,158.33333333333334,184.66666666666666,104.16842105263157,18.0625
12.18,159.33333333333334,188.16666666666666,104.06315789473685,18.392857142857142
12.20,160.66666666666666,191.16666666666666,103.47368421052632,18.821428571428573
12.21,165.16666666666666,191.75,103.32631578947368,19.375
12.23,170.16666666666666,195.41666666666666,102.94736842105263,19.366071428571427
12.25,171.5,196.75,102.84210526315789,19.142857142857142
12.26,172.5,198.33333333333334,103.7578947368421,19.348214285714285
12.28,173.5,199.5,104.14736842105263,19.330357142857142
12.30,177,199.75,104.26315789473684,20.116071428571427
12.31,181.33333333333334,199.41666666666666,104.37894736842105,19.964285714285715
12.33,180.5,200.58333333333334,104.53684210526316,20.357142857142858
12.35,181.16666666666666,201.25,103.76842105263158,20.901785714285715
12.36,183.16666666666666,201.83333333333334,103.90526315789474,21.839285714285715
12.38,182.33333333333334,203.25,104.6,21.633928571428573
12.40,182,203.58333333333334,104.05263157894737,23.017857142857142
12.41,185.33333333333334,203.5,103.91578947368421,23.5625
12.43,186.5,205,103.90526315789474,23.830357142857142
12.45,187,203.5,104.01052631578948,23.758928571428573
12.46,187,203.33333333333334,104.62105263157895,24.089285714285715
12.48,187.5,204.58333333333334,105.21052631578948,23.982142857142858
12.50,186,204.33333333333334,105.8,23.625
12.51,187,203.91666666666666,106.43157894736842,24.8125
12.53,189.16666666666666,203.33333333333334,105.94736842105263,25.857142857142858
12.55,189.5,203.33333333333334,106.11578947368422,25.5625
12.56,191,203.83333333333334,105.4421052631579,24.366071428571427
12.58,190.66666666666666,203.41666666666666,105.77894736842106,24.678571428571427
12.60,192.66666666666666,204.25,106.28421052631579,25.723214285714285
12.61,192.66666666666666,203.91666666666666,107.3578947368421,29.053571428571427
12.63,193.16666666666666,205.58333333333334,107.58947368421053,30.901785714285715
12.65,192.16666666666666,206.41666666666666,106.84210526315789,30.160714285714285
12.66,191.33333333333334,207.83333333333334,106.77894736842106,29.598214285714285
12.68,191.16666666666666,209.25,107.06315789473685,30.223214285714285
12.70,188.16666666666666,208.66666666666666,107.18947368421053,30.116071428571427
12.71,188.33333333333334,209,107.74736842105263,31.428571428571427
12.73,186.66666666666666,210,107.88421052631578,32.517857142857146
12.75,185,210.25,108.01052631578948,33.125
12.76,185.16666666666666,210.66666666666666,108.73684210526316,33.61607142857143
12.78,183.66666666666666,208.08333333333334,109.08421052631579,34.142857142857146
12.80,181.33333333333334,206.25,108.91578947368421,34.794642857142854
12.81,181.5,205.66666666666666,108.71578947368421,35.535714285714285
12.83,181.33333333333334,204,109.3578947368421,35.580357142857146
12.85,179,204.16666666666666,110.07368421052631,34.94642857142857
12.86,176.5,202.41666666666666,110.51578947368421,35.63392857142857
12.88,175.66666666666666,201.58333333333334,110.47368421052632,36.517857142857146
12.90,175.33333333333334,202,110.76842105263158,36.25
12.91,173.66666666666666,201.33333333333334,110.77894736842106,36.455357142857146
12.93,173.5,201.08333333333334,112.09473684210526,41.455357142857146
12.95,172.5,199.66666666666666,112.89473684210526,46.330357142857146
12.96,172,200.75,113.50526315789473,47.5625
12.98,169,199.5,114.77894736842106,51
13.00,169.33333333333334,199.5,116.47368421052632,57.9375
13.01,171.16666666666666,198.33333333333334,116.88421052631578,58.464285714285715
13.03,172.66666666666666,199.5,117.32631578947368,60.67857142857143
13.05,171,200.41666666666666,118.70526315789473,68.09821428571429
13.06,171,200,119.4421052631579,71.4375
13.08,169.66666666666666,201.75,119.09473684210526,70.75892857142857
13.10,170.66666666666666,203.66666666666666,119.67368421052632,74.76785714285714
13.11,172.16666666666666,202.91666666666666,122.2421052631579,80.21428571428571
13.13,170,203.91666666666666,122.52631578947368,79.32142857142857
13.15,171.33333333333334,205,122.62105263157895,83.19642857142857
13.16,169.83333333333334,204.25,124.30526315789474,89.30357142857143
13.18,170.33333333333334,204.5,124.14736842105263,88.72321428571429
13.20,169.5,204.5,124.73684210526316,89.60714285714286
13.21,171.33333333333334,207,125.88421052631578,95.58035714285714
13.23,170.33333333333334,206.5,125.32631578947368,94.875
13.25,170,208.75,125.46315789473684,94.91964285714286
13.26,169.83333333333334,210.16666666666666,128.54736842105262,99.77678571428571
13.28,170.66666666666666,210.08333333333334,129.46315789473684,101.1875
13.30,169.66666666666666,210.91666666666666,128.9157894736842,99.61607142857143
13.31,169.66666666666666,211.16666666666666,130.45263157894738,103.53571428571429
13.33,170.33333333333334,209.83333333333334,132.76842105263157,107.5
13.35,169.33333333333334,209.33333333333334,131.37894736842105,103.9375
13.36,167.66666666666666,209.33333333333334,128.8421052631579,98.9375
13.38,166.83333333333334,208.91666666666666,126.42105263157895,93.58928571428571
13.40,167.33333333333334,207.58333333333334,123.65263157894736,89.00892857142857
13.41,165,205.41666666666666,120.14736842105263,84.30357142857143
13.43,163,205.91666666666666,117.4,80
13.45,163.5,204.75,115.88421052631578,75.8125
13.46,161.5,202.5,114.76842105263158,71.83928571428571
13.48,163.66666666666666,201.83333333333334,114,67.85714285714286
13.50,161.66666666666666,200.33333333333334,113.61052631578947,64.28571428571429
13.51,161.83333333333334,198.66666666666666,112.86315789473684,61.125
13.53,161.83333333333334,197.33333333333334,112.09473684210526,58.267857142857146
13.55,162,196.91666666666666,112.25263157894737,55.4375
13.56,163,195.66666666666666,112.01052631578948,52.42857142857143
13.58,163.83333333333334,195.91666666666666,112.03157894736842,49.63392857142857
13.60,167,195.91666666666666,111.65263157894736,47.1875
13.61,167.83333333333334,196.66666666666666,110.97894736842105,45.625
13.63,168.66666666666666,197.25,111.02105263157895,43.74107142857143
13.65,168.66666666666666,198.5,110.56842105263158,41.535714285714285
13.66,168.83333333333334,201.75,109.78947368421052,40.482142857142854
13.68,173.5,204.75,108.50526315789473,39.44642857142857
13.70,174.5,205.5,108.37894736842105,37.964285714285715
13.71,174.83333333333334,207.83333333333334,108.01052631578948,36.482142857142854
13.73,176,208,106.85263157894737,34.714285714285715
13.75,177,208.91666666666666,105.94736842105263,32.839285714285715
13.76,180.5,211.25,105.14736842105263,32.0625
13.78,181.66666666666666,212,105.3578947368421,30.964285714285715
13.80,180.5,210.75,108.89473684210526,30.857142857142858
13.81,181.16666666666666,209.83333333333334,110.0421052631579,30.125
13.83,180.83333333333334,208.91666666666666,110.11578947368422,28.866071428571427
13.85,180.16666666666666,207.33333333333334,110.54736842105264,28.580357142857142
13.86,182.5,207.25,110.92631578947369,29.223214285714285
13.88,183,206.16666666666666,111.05263157894737,30.107142857142858
13.90,180.16666666666666,204.83333333333334,110,29.848214285714285
13.91,179.5,204.08333333333334,110.16842105263157,29.223214285714285
13.93,178.16666666666666,203.08333333333334,109.37894736842105,28.464285714285715
13.95,178.83333333333334,202.41666666666666,108.62105263157895,27.044642857142858
13.96,178.83333333333334,203.08333333333334,107.07368421052631,27.008928571428573
13.98,179,200.5,106.47368421052632,26.0625
14.00,178.66666666666666,199.58333333333334,105.84210526315789,25.964285714285715
14.01,176.33333333333334,199.41666666666666,105.86315789473684,25.732142857142858
14.03,174.5,197.83333333333334,105.32631578947368,24.928571428571427
14.05,173.5,196.41666666666666,106.34736842105264,24.723214285714285
14.06,173.5,195.58333333333334,107.02105263157895,24.375
14.08,170.16666666666666,194.08333333333334,107.30526315789474,24.401785714285715
14.10,169.66666666666666,195.58333333333334,107.52631578947368,25.553571428571427
14.11,169.5,198.58333333333334,108.57894736842105,25.357142857142858
14.13,167.83333333333334,199.66666666666666,109.97894736842105,25.794642857142858
14.15,166,201.33333333333334,110.56842105263158,25.517857142857142
14.16,166.66666666666666,202.33333333333334,110.6842105263158,25.830357142857142
14.18,167.83333333333334,201.66666666666666,111.14736842105263,26.866071428571427
14.20,167.5,202.75,111.66315789473684,27.6875
14.21,166,203.91666666666666,111.69473684210526,27.428571428571427
14.23,164.16666666666666,203.75,112.53684210526316,27.785714285714285
14.25,163,204.25,112.77894736842106,28.642857142857142
14.26,161,203.25,112.98947368421052,28.785714285714285
14.28,159.83333333333334,206.08333333333334,112.45263157894736,29.6875
14.30,160.66666666666666,206.25,112.58947368421053,29.821428571428573
14.31,159.33333333333334,207.25,112.28421052631579,29.553571428571427
14.33,158,206.66666666666666,112.28421052631579,29.125
14.35,156.16666666666666,208.08333333333334,113.15789473684211,28.660714285714285
14.36,156.16666666666666,209,113.26315789473684,28.910714285714285
14.38,158,210.08333333333334,113.82105263157895,29.205357142857142
14.40,161.33333333333334,211.5,113.8,30.107142857142858
14.41,161.66666666666666,210.75,113.29473684210527,30.419642857142858
14.43,162.83333333333334,209.83333333333334,114.21052631578948,30.419642857142858
14.45,164.66666666666666,210.25,115.85263157894737,30.866071428571427
14.46,164.83333333333334,209.58333333333334,115.45263157894736,30.803571428571427
14.48,164.16666666666666,208.91666666666666,114.94736842105263,30.053571428571427
14.50,162.66666666666666,208.25,114.5578947368421,29.625
14.51,161.66666666666666,209.08333333333334,114.94736842105263,29.348214285714285
14.53,162,208.41666666666666,114.96842105263158,29.276785714285715
14.55,162.66666666666666,207.08333333333334,115.54736842105264,29.053571428571427
14.56,161.66666666666666,206.66666666666666,115.15789473684211,29.044642857142858
14.58,161.66666666666666,207.41666666666666,113.97894736842105,28.839285714285715
14.60,161,207.16666666666666,114.45263157894736,28.535714285714285
14.61,162,208,113.93684210526315,28.6875
14.63,160.83333333333334,208.91666666666666,113.67368421052632,28.625
14.65,160,209.33333333333334,113.05263157894737,28.598214285714285
14.66,159.33333333333334,209.75,113.46315789473684,28.839285714285715
14.68,159.33333333333334,208.83333333333334,114.16842105263157,28.633928571428573
14.70,160.5,210.83333333333334,113.67368421052632,28.580357142857142
14.71,161.83333333333334,210.91666666666666,114.62105263157895,28.803571428571427
14.73,162.5,212.41666666666666,114.77894736842106,30
14.75,163.83333333333334,213,114.01052631578948,30.348214285714285
14.76,165.83333333333334,214.33333333333334,113.42105263157895,30.428571428571427
14.78,168.66666666666666,214.5,113.61052631578947,30.044642857142858
14.80,174.83333333333334,215.08333333333334,113.3157894736842,29.241071428571427
14.81,177,216.16666666666666,112.42105263157895,29.1875
14.83,177.83333333333334,214.33333333333334,112.08421052631579,29.071428571428573
14.85,179.16666666666666,211.33333333333334,110.67368421052632,30.142857142857142
14.86,179.5,209.75,110.08421052631579,30.196428571428573
14.88,179.33333333333334,206.75,110.33684210526316,32.410714285714285
14.90,179.33333333333334,204.41666666666666,109.82105263157895,33.919642857142854
14.91,180,202.25,109.66315789473684,36.214285714285715
14.93,182.5,198.91666666666666,109.14736842105263,37.464285714285715
14.95,183.33333333333334,195.83333333333334,108.94736842105263,39.05357142857143
14.96,182.16666666666666,193.58333333333334,108.86315789473684,40.642857142857146
14.98,184.33333333333334,192.5,109.3578947368421,43.767857142857146
15.00,184.5,191.33333333333334,109.28421052631579,46.125
15.01,184,190.41666666666666,108.53684210526316,48.964285714285715
15.03,182.83333333333334,189.75,108.69473684210526,52.13392857142857
15.05,183.33333333333334,188,109.25263157894737,56.232142857142854
15.06,182.66666666666666,187.33333333333334,110.09473684210526,58.482142857142854
15.08,183.5,185.41666666666666,110.3157894736842,60.214285714285715
15.10,186,184,110.89473684210526,62.1875
15.11,185.66666666666666,183,112.16842105263157,64.11607142857143
15.13,184.33333333333334,183.5,112.66315789473684,64.83928571428571
15.15,185.33333333333334,185.33333333333334,112.65263157894736,63.44642857142857
15.16,184.16666666666666,184,112.13684210526316,62.17857142857143
15.18,183.5,182.83333333333334,112.38947368421053,61.044642857142854
15.20,181.5,182.16666666666666,113.21052631578948,61.82142857142857
15.21,179.83333333333334,182.16666666666666,113.66315789473684,66.02678571428571
15.23,180.66666666666666,180.16666666666666,114.6,75.91964285714286
15.25,179.16666666666666,179.5,117.10526315789474,84.29464285714286
15.26,177.83333333333334,179.41666666666666,118.07368421052631,91.64285714285714
15.28,177.5,181.25,119.81052631578947,95.96428571428571
15.30,176.66666666666666,185.66666666666666,121.32631578947368,96.36607142857143
15.31,175.16666666666666,197.08333333333334,124.73684210526316,99.16964285714286
15.33,173.16666666666666,201.66666666666666,125.62105263157895,103.49107142857143
15.35,174,202,128.4842105263158,118.5
15.36,174.16666666666666,202.08333333333334,129.97894736842105,127.10714285714286
15.38,174.16666666666666,203,129.38947368421051,131.13392857142858
15.40,173.33333333333334,200.83333333333334,129.4842105263158,136.71428571428572
15.41,173.5,200,129.02105263157895,141.30357142857142
15.43,175.5,199.58333333333334,129.9157894736842,143
15.45,176.5,200.08333333333334,131.41052631578947,145.28571428571428
15.46,179.5,202.16666666666666,131.2421052631579,144.80357142857142
15.48,181.16666666666666,204.5,129.56842105263158,144.34821428571428
15.50,181.66666666666666,205.33333333333334,129.49473684210525,142.01785714285714
15.51,183.5,206.83333333333334,133.49473684210525,144.29464285714286
15.53,185.5,210.41666666666666,140.25263157894736,146
15.55,187.16666666666666,210.83333333333334,142.23157894736843,145.39285714285714
15.56,190.66666666666666,210.91666666666666,143.96842105263158,144.10714285714286
15.58,191.66666666666666,211.08333333333334,148.18947368421053,142.60714285714286
15.60,193,211.83333333333334,153.16842105263157,142.80357142857142
15.61,192.16666666666666,209.91666666666666,155.2421052631579,142.25
15.63,193.33333333333334,209.08333333333334,156.1263157894737,140.71428571428572
15.65,193,209.41666666666666,155.44210526315788,139.02678571428572
15.66,194.83333333333334,210.66666666666666,156.1157894736842,136.13392857142858
15.68,194.66666666666666,213.08333333333334,155.57894736842104,133.72321428571428
15.70,193.66666666666666,212.41666666666666,154.74736842105264,130.9375
15.71,192.16666666666666,213.58333333333334,153.6421052631579,128.625
15.73,191.83333333333334,215.33333333333334,153.1578947368421,126.11607142857143
15.75,193,213.75,151.33684210526314,123.30357142857143
15.76,192.83333333333334,211.5,149.85263157894738,120.3125
15.78,192,211.08333333333334,148.49473684210525,117.60714285714286
15.80,192.5,210.75,147.56842105263158,115.84821428571429
15.81,192.5,212,147.86315789473684,115.67857142857143
15.83,191.83333333333334,215.58333333333334,146.76842105263157,116.14285714285714
15.85,192,214.91666666666666,144.4,112.82142857142857
15.86,191.16666666666666,213.41666666666666,141.85263157894738,107.6875
15.88,191.5,212.58333333333334,138.42105263157896,101.9375
15.90,192.16666666666666,210.16666666666666,135.76842105263157,96.80357142857143
15.91,192.5,207.75,133.86315789473684,91.92857142857143
15.93,192.66666666666666,205.75,135.86315789473684,102.03571428571429
15.95,192,204.08333333333334,134.77894736842106,107.01785714285714
15.96,191.66666666666666,204.91666666666666,135.42105263157896,108.54464285714286
15.98,193.16666666666666,208.33333333333334,145.2736842105263,115.0625
16.00,192.16666666666666,206,146.3578947368421,116.53571428571429
16.01,190.83333333333334,203.41666666666666,146.18947368421053,116.1875
16.03,189.33333333333334,203,146.23157894736843,116.17857142857143
16.05,189,201.58333333333334,145.73684210526315,115.54464285714286
16.06,187.5,200.83333333333334,144.45263157894738,115.5
16.08,185.16666666666666,200.41666666666666,143.97894736842105,114.51785714285714
16.10,184.66666666666666,202.91666666666666,143.1578947368421,113.59821428571429
16.11,183.33333333333334,202.91666666666666,143.1578947368421,113.9375
16.13,183.16666666666666,206.16666666666666,148.70526315789473,117.50892857142857
16.15,181.16666666666666,207.08333333333334,149.38947368421051,117.95535714285714
16.16,178.16666666666666,208,149.68421052631578,118.33035714285714
16.18,176.66666666666666,207.83333333333334,149.66315789473686,118.29464285714286
16.20,175.33333333333334,207.91666666666666,148.58947368421053,117.875
16.21,173.83333333333334,209.33333333333334,148.6,117.34821428571429
16.23,173.5,207.41666666666666,148.29473684210527,117.3125
16.25,174.33333333333334,206.5,147.8,116.97321428571429
16.26,176,206.41666666666666,147.67368421052632,115.83928571428571
16.28,175.16666666666666,206.75,146.8736842105263,114.94642857142857
16.30,176.66666666666666,208.25,146.07368421052632,114.22321428571429
16.31,176.66666666666666,208.08333333333334,145.4,113.78571428571429
16.33,178.66666666666666,207,144.6421052631579,113.35714285714286
16.35,178.33333333333334,207.08333333333334,142.86315789473684,112.41071428571429
16.36,179.83333333333334,208.16666666666666,142.46315789473684,112.25
16.38,181.5,208.25,141.66315789473686,111.99107142857143
16.40,185.33333333333334,209.83333333333334,141.67368421052632,111.20535714285714
16.41,183.33333333333334,211.16666666666666,141.1578947368421,109.58928571428571
16.43,180.83333333333334,210.33333333333334,139.85263157894738,105.75
16.45,180.33333333333334,212.08333333333334,137.69473684210527,101.4375
16.46,182.16666666666666,213.41666666666666,136.2842105263158,96.72321428571429
16.48,182.83333333333334,216.83333333333334,134.68421052631578,92.04464285714286
16.50,182.33333333333334,216.33333333333334,133.05263157894737,87.82142857142857
16.51,183.5,217.33333333333334,131.0842105263158,83.70535714285714
16.53,182.16666666666666,216.08333333333334,129.33684210526314,80.20535714285714
16.55,180.5,216.66666666666666,127.50526315789473,78.74107142857143
16.56,176.16666666666666,217.25,126.29473684210527,76.41964285714286
16.58,171.66666666666666,218.41666666666666,125.3157894736842,73.20535714285714
16.60,168.66666666666666,216.91666666666666,124.6,70.17857142857143
16.61,165.5,215,122.90526315789474,66.375
16.63,164,213.25,121.10526315789474,62.357142857142854
16.65,164.33333333333334,210.16666666666666,119.51578947368421,58.5625
16.66,165,207.75,118.49473684210527,55.13392857142857
16.68,165.83333333333334,206.58333333333334,117.49473684210527,52.05357142857143
16.70,167.83333333333334,205.41666666666666,115.61052631578947,48.830357142857146
16.71,169.33333333333334,203.5,113.84210526315789,46.410714285714285
16.73,169.66666666666666,199.83333333333334,113.4421052631579,43.44642857142857
16.75,169.16666666666666,197.41666666666666,113.22105263157894,41.089285714285715
16.76,170,196,112.73684210526316,39.74107142857143
16.78,170.5,195.58333333333334,113.42105263157895,38.017857142857146
16.80,170.66666666666666,195.33333333333334,112.96842105263158,35.660714285714285
16.81,171.5,194.83333333333334,113.08421052631579,34.125
16.83,174.5,196.66666666666666,112.49473684210527,32.598214285714285
16.85,177.66666666666666,197.83333333333334,111.48421052631579,31.053571428571427
16.86,178.33333333333334,198.91666666666666,110.6,29.723214285714285
16.88,179.5,198.75,109.93684210526315,28.571428571428573
16.90,180.83333333333334,197.75,108.77894736842106,27.214285714285715
16.93,183.5,198.41666666666666,107.71578947368421,27.25
16.93,183.5,198.41666666666666,107.71578947368421,27.25
16.95,184.66666666666666,197.58333333333334,106.90526315789474,26.642857142857142
16.96,183.5,195.83333333333334,107.01052631578948,26.107142857142858
16.98,184,193,106.57894736842105,25.580357142857142
17.00,184.66666666666666,192.08333333333334,105.7578947368421,24.883928571428573
17.01,184.33333333333334,190.5,105.12631578947368,24.285714285714285
17.03,184.33333333333334,188.66666666666666,105.5578947368421,23.875
17.05,185.16666666666666,188.08333333333334,104.78947368421052,23.482142857142858
17.06,185.5,187.91666666666666,104.9578947368421,23.017857142857142
17.08,185.66666666666666,187.58333333333334,105.87368421052632,22.616071428571427
17.10,186,189.41666666666666,105.92631578947369,22.089285714285715
17.11,186.33333333333334,189.66666666666666,105.43157894736842,22.205357142857142
17.13,186.33333333333334,190.33333333333334,104.97894736842105,22.151785714285715
17.15,186.5,191,104.0421052631579,22.375
17.16,185.83333333333334,192.25,103.46315789473684,22.419642857142858
17.18,184.83333333333334,191.91666666666666,104.48421052631579,24.357142857142858
17.20,184.5,192.25,103.97894736842105,23.598214285714285
17.21,184.66666666666666,194.08333333333334,103.23157894736842,22.267857142857142
17.23,183.5,194.58333333333334,103.57894736842105,21.276785714285715
17.25,183,194,102.87368421052632,21.366071428571427
17.26,183.16666666666666,194,102.69473684210526,21.642857142857142
17.28,184.16666666666666,193.33333333333334,102.41052631578947,22.223214285714285
17.30,183,192.58333333333334,103.21052631578948,21.9375
17.31,183.66666666666666,191.58333333333334,103.45263157894736,26.571428571428573
17.33,184.16666666666666,193.33333333333334,106.62105263157895,30.4375
17.35,182.5,194.75,109.78947368421052,33.901785714285715
17.36,181.83333333333334,194.75,111.23157894736842,36.464285714285715
17.38,182.16666666666666,194.58333333333334,111.43157894736842,36.964285714285715
17.40,183.66666666666666,194.33333333333334,112.69473684210526,36.99107142857143
17.41,182,195.91666666666666,112.43157894736842,37.839285714285715
17.43,180.83333333333334,197.75,112.90526315789474,37.839285714285715
17.45,179.66666666666666,197.91666666666666,112.17894736842105,37.526785714285715
17.46,178,196.33333333333334,111.96842105263158,36.705357142857146
17.48,176.66666666666666,196,112.14736842105263,35.651785714285715
17.50,177.33333333333334,196,112.78947368421052,34.276785714285715
17.51,175.16666666666666,194.58333333333334,112.15789473684211,32.330357142857146
17.53,173.33333333333334,192.16666666666666,111.13684210526316,30.803571428571427
17.55,173.16666666666666,191.66666666666666,111.32631578947368,30.410714285714285
17.56,171.33333333333334,190,110.5578947368421,31.035714285714285
17.58,170,189.16666666666666,112.12631578947368,31.25
17.60,169.66666666666666,190.75,119.26315789473684,35.473214285714285
17.61,169.83333333333334,192.41666666666666,119.7578947368421,36.5625
17.63,169.16666666666666,193.25,119.4,37.535714285714285
17.65,167.66666666666666,193.66666666666666,119.0421052631579,38.00892857142857
17.66,166.66666666666666,193,119.03157894736842,38.044642857142854
17.68,166.83333333333334,193.41666666666666,119.96842105263158,38.875
17.70,167.33333333333334,194.16666666666666,128.10526315789474,45.294642857142854
17.71,166.33333333333334,194,129.09473684210528,45.1875
17.73,166,193.08333333333334,129.44210526315788,43.875
17.75,166.33333333333334,193,129.3578947368421,43.607142857142854
17.76,166.66666666666666,195.41666666666666,129.05263157894737,43.642857142857146
17.78,167.66666666666666,197.08333333333334,129.06315789473683,43.07142857142857
17.80,167.16666666666666,199.08333333333334,128.5157894736842,42.607142857142854
17.81,169.16666666666666,198.75,127.8,42.205357142857146
17.83,171,197.75,126.93684210526315,41.8125
17.85,171,197.66666666666666,125.81052631578947,41.392857142857146
17.86,170.66666666666666,199.5,125.91578947368421,41.517857142857146
17.88,170,200.41666666666666,125.94736842105263,40.901785714285715
17.90,169.66666666666666,199.75,125.50526315789473,40.410714285714285
17.91,169.16666666666666,198.08333333333334,124.76842105263158,38.705357142857146
17.94,168.16666666666666,198.16666666666666,124.11578947368422,37.776785714285715
17.95,168.16666666666666,198.16666666666666,124.11578947368422,37.776785714285715
17.96,166.33333333333334,197.83333333333334,123.11578947368422,37.017857142857146
17.98,164.66666666666666,196.5,122.14736842105263,35.49107142857143
18.00,164,195.25,121.13684210526316,34.223214285714285
18.01,163.16666666666666,194.83333333333334,119.45263157894736,32.857142857142854
18.03,161.33333333333334,193.33333333333334,119.11578947368422,31.714285714285715
18.05,159.16666666666666,193.66666666666666,118.11578947368422,30.803571428571427
18.06,157.83333333333334,194.58333333333334,116.88421052631578,33.901785714285715
18.08,157.16666666666666,194.41666666666666,116.48421052631579,35.973214285714285
18.10,153.83333333333334,194.91666666666666,115.43157894736842,38.598214285714285
18.11,152.66666666666666,195.08333333333334,114.3157894736842,40.026785714285715
18.13,150.66666666666666,193.75,113.70526315789473,40.455357142857146
18.15,149.16666666666666,193.16666666666666,114.27368421052631,40.705357142857146
